cohort_month,cohort_age_month,cohort_size,retained_customers,retention_rate_pct
2021-01-01,0,27860,27860,100.0
2021-01-01,1,27860,4738,17.01
2021-01-01,2,27860,5065,18.18
2021-01-01,3,27860,4967,17.83
2021-01-01,4,27860,5123,18.39
2021-01-01,5,27860,5069,18.19
2021-01-01,6,27860,5246,18.83
2021-01-01,7,27860,5101,18.31
2021-01-01,8,27860,5136,18.44
2021-01-01,9,27860,5226,18.76
2021-01-01,10,27860,5052,18.13
2021-01-01,11,27860,5175,18.58
2021-01-01,12,27860,5261,18.88
2021-01-01,13,27860,4894,17.57
2021-01-01,14,27860,5247,18.83
2021-01-01,15,27860,5154,18.5
2021-01-01,16,27860,5142,18.46
2021-01-01,17,27860,5091,18.27
2021-01-01,18,27860,5286,18.97
2021-01-01,19,27860,5185,18.61
2021-01-01,20,27860,4926,17.68
2021-01-01,21,27860,5144,18.46
2021-01-01,22,27860,5110,18.34
2021-01-01,23,27860,5189,18.63
2021-01-01,24,27860,5157,18.51
2021-01-01,25,27860,4782,17.16
2021-01-01,26,27860,5245,18.83
2021-01-01,27,27860,5077,18.22
2021-01-01,28,27860,5194,18.64
2021-01-01,29,27860,4984,17.89
2021-01-01,30,27860,5166,18.54
2021-01-01,31,27860,5151,18.49
2021-01-01,32,27860,4973,17.85
2021-01-01,33,27860,5196,18.65
2021-01-01,34,27860,5094,18.28
2021-01-01,35,27860,5171,18.56
2021-01-01,36,27860,5221,18.74
2021-01-01,37,27860,4889,17.55
2021-01-01,38,27860,5129,18.41
2021-01-01,39,27860,5002,17.95
2021-01-01,40,27860,5130,18.41
2021-01-01,41,27860,4986,17.9
2021-01-01,42,27860,5138,18.44
2021-01-01,43,27860,5305,19.04
2021-01-01,44,27860,5039,18.09
2021-01-01,45,27860,5159,18.52
2021-01-01,46,27860,5053,18.14
2021-01-01,47,27860,5338,19.16
2021-01-01,48,27860,5138,18.44
2021-01-01,49,27860,4720,16.94
2021-01-01,50,27860,5215,18.72
2021-01-01,51,27860,4912,17.63
2021-01-01,52,27860,5158,18.51
2021-01-01,53,27860,5074,18.21
2021-01-01,54,27860,5151,18.49
2021-01-01,55,27860,5230,18.77
2021-01-01,56,27860,4946,17.75
2021-01-01,57,27860,5288,18.98
2021-01-01,58,27860,5031,18.06
2021-01-01,59,27860,5132,18.42
2021-01-01,60,27860,5234,18.79
2021-01-01,61,27860,4618,16.58
2021-02-01,0,20483,20483,100.0
2021-02-01,1,20483,3632,17.73
2021-02-01,2,20483,3585,17.5
2021-02-01,3,20483,3771,18.41
2021-02-01,4,20483,3655,17.84
2021-02-01,5,20483,3663,17.88
2021-02-01,6,20483,3627,17.71
2021-02-01,7,20483,3600,17.58
2021-02-01,8,20483,3650,17.82
2021-02-01,9,20483,3628,17.71
2021-02-01,10,20483,3624,17.69
2021-02-01,11,20483,3722,18.17
2021-02-01,12,20483,3303,16.13
2021-02-01,13,20483,3663,17.88
2021-02-01,14,20483,3610,17.62
2021-02-01,15,20483,3745,18.28
2021-02-01,16,20483,3592,17.54
2021-02-01,17,20483,3647,17.81
2021-02-01,18,20483,3634,17.74
2021-02-01,19,20483,3551,17.34
2021-02-01,20,20483,3694,18.03
2021-02-01,21,20483,3711,18.12
2021-02-01,22,20483,3759,18.35
2021-02-01,23,20483,3734,18.23
2021-02-01,24,20483,3465,16.92
2021-02-01,25,20483,3691,18.02
2021-02-01,26,20483,3712,18.12
2021-02-01,27,20483,3666,17.9
2021-02-01,28,20483,3535,17.26
2021-02-01,29,20483,3702,18.07
2021-02-01,30,20483,3732,18.22
2021-02-01,31,20483,3549,17.33
2021-02-01,32,20483,3725,18.19
2021-02-01,33,20483,3615,17.65
2021-02-01,34,20483,3874,18.91
2021-02-01,35,20483,3719,18.16
2021-02-01,36,20483,3502,17.1
2021-02-01,37,20483,3608,17.61
2021-02-01,38,20483,3552,17.34
2021-02-01,39,20483,3728,18.2
2021-02-01,40,20483,3525,17.21
2021-02-01,41,20483,3693,18.03
2021-02-01,42,20483,3654,17.84
2021-02-01,43,20483,3596,17.56
2021-02-01,44,20483,3673,17.93
2021-02-01,45,20483,3616,17.65
2021-02-01,46,20483,3781,18.46
2021-02-01,47,20483,3727,18.2
2021-02-01,48,20483,3292,16.07
2021-02-01,49,20483,3627,17.71
2021-02-01,50,20483,3566,17.41
2021-02-01,51,20483,3689,18.01
2021-02-01,52,20483,3589,17.52
2021-02-01,53,20483,3715,18.14
2021-02-01,54,20483,3683,17.98
2021-02-01,55,20483,3563,17.39
2021-02-01,56,20483,3680,17.97
2021-02-01,57,20483,3562,17.39
2021-02-01,58,20483,3783,18.47
2021-02-01,59,20483,3692,18.02
2021-02-01,60,20483,3277,16.0
2021-03-01,0,18931,18931,100.0
2021-03-01,1,18931,3254,17.19
2021-03-01,2,18931,3347,17.68
2021-03-01,3,18931,3222,17.02
2021-03-01,4,18931,3314,17.51
2021-03-01,5,18931,3315,17.51
2021-03-01,6,18931,3271,17.28
2021-03-01,7,18931,3324,17.56
2021-03-01,8,18931,3224,17.03
2021-03-01,9,18931,3217,16.99
2021-03-01,10,18931,3301,17.44
2021-03-01,11,18931,2998,15.84
2021-03-01,12,18931,3195,16.88
2021-03-01,13,18931,3138,16.58
2021-03-01,14,18931,3358,17.74
2021-03-01,15,18931,3167,16.73
2021-03-01,16,18931,3312,17.5
2021-03-01,17,18931,3247,17.15
2021-03-01,18,18931,3311,17.49
2021-03-01,19,18931,3289,17.37
2021-03-01,20,18931,3143,16.6
2021-03-01,21,18931,3287,17.36
2021-03-01,22,18931,3226,17.04
2021-03-01,23,18931,3061,16.17
2021-03-01,24,18931,3303,17.45
2021-03-01,25,18931,3198,16.89
2021-03-01,26,18931,3277,17.31
2021-03-01,27,18931,3099,16.37
2021-03-01,28,18931,3401,17.97
2021-03-01,29,18931,3351,17.7
2021-03-01,30,18931,3212,16.97
2021-03-01,31,18931,3319,17.53
2021-03-01,32,18931,3284,17.35
2021-03-01,33,18931,3365,17.78
2021-03-01,34,18931,3365,17.78
2021-03-01,35,18931,3025,15.98
2021-03-01,36,18931,3327,17.57
2021-03-01,37,18931,3111,16.43
2021-03-01,38,18931,3318,17.53
2021-03-01,39,18931,3076,16.25
2021-03-01,40,18931,3307,17.47
2021-03-01,41,18931,3352,17.71
2021-03-01,42,18931,3201,16.91
2021-03-01,43,18931,3290,17.38
2021-03-01,44,18931,3203,16.92
2021-03-01,45,18931,3274,17.29
2021-03-01,46,18931,3328,17.58
2021-03-01,47,18931,3047,16.1
2021-03-01,48,18931,3283,17.34
2021-03-01,49,18931,3154,16.66
2021-03-01,50,18931,3289,17.37
2021-03-01,51,18931,3209,16.95
2021-03-01,52,18931,3297,17.42
2021-03-01,53,18931,3261,17.23
2021-03-01,54,18931,3202,16.91
2021-03-01,55,18931,3268,17.26
2021-03-01,56,18931,3332,17.6
2021-03-01,57,18931,3326,17.57
2021-03-01,58,18931,3376,17.83
2021-03-01,59,18931,2958,15.63
2021-04-01,0,15114,15114,100.0
2021-04-01,1,15114,2517,16.65
2021-04-01,2,15114,2515,16.64
2021-04-01,3,15114,2544,16.83
2021-04-01,4,15114,2473,16.36
2021-04-01,5,15114,2536,16.78
2021-04-01,6,15114,2533,16.76
2021-04-01,7,15114,2506,16.58
2021-04-01,8,15114,2552,16.89
2021-04-01,9,15114,2572,17.02
2021-04-01,10,15114,2347,15.53
2021-04-01,11,15114,2541,16.81
2021-04-01,12,15114,2433,16.1
2021-04-01,13,15114,2505,16.57
2021-04-01,14,15114,2565,16.97
2021-04-01,15,15114,2451,16.22
2021-04-01,16,15114,2538,16.79
2021-04-01,17,15114,2393,15.83
2021-04-01,18,15114,2567,16.98
2021-04-01,19,15114,2501,16.55
2021-04-01,20,15114,2495,16.51
2021-04-01,21,15114,2513,16.63
2021-04-01,22,15114,2328,15.4
2021-04-01,23,15114,2592,17.15
2021-04-01,24,15114,2498,16.53
2021-04-01,25,15114,2480,16.41
2021-04-01,26,15114,2435,16.11
2021-04-01,27,15114,2472,16.36
2021-04-01,28,15114,2617,17.32
2021-04-01,29,15114,2430,16.08
2021-04-01,30,15114,2540,16.81
2021-04-01,31,15114,2480,16.41
2021-04-01,32,15114,2517,16.65
2021-04-01,33,15114,2534,16.77
2021-04-01,34,15114,2343,15.5
2021-04-01,35,15114,2607,17.25
2021-04-01,36,15114,2492,16.49
2021-04-01,37,15114,2624,17.36
2021-04-01,38,15114,2446,16.18
2021-04-01,39,15114,2454,16.24
2021-04-01,40,15114,2480,16.41
2021-04-01,41,15114,2415,15.98
2021-04-01,42,15114,2582,17.08
2021-04-01,43,15114,2416,15.99
2021-04-01,44,15114,2622,17.35
2021-04-01,45,15114,2575,17.04
2021-04-01,46,15114,2373,15.7
2021-04-01,47,15114,2486,16.45
2021-04-01,48,15114,2450,16.21
2021-04-01,49,15114,2566,16.98
2021-04-01,50,15114,2496,16.51
2021-04-01,51,15114,2588,17.12
2021-04-01,52,15114,2524,16.7
2021-04-01,53,15114,2510,16.61
2021-04-01,54,15114,2585,17.1
2021-04-01,55,15114,2569,17.0
2021-04-01,56,15114,2516,16.65
2021-04-01,57,15114,2546,16.85
2021-04-01,58,15114,2236,14.79
2021-05-01,0,13128,13128,100.0
2021-05-01,1,13128,2088,15.9
2021-05-01,2,13128,2114,16.1
2021-05-01,3,13128,2133,16.25
2021-05-01,4,13128,2067,15.74
2021-05-01,5,13128,2134,16.26
2021-05-01,6,13128,2039,15.53
2021-05-01,7,13128,2090,15.92
2021-05-01,8,13128,2129,16.22
2021-05-01,9,13128,1955,14.89
2021-05-01,10,13128,2058,15.68
2021-05-01,11,13128,2049,15.61
2021-05-01,12,13128,2116,16.12
2021-05-01,13,13128,2049,15.61
2021-05-01,14,13128,2090,15.92
2021-05-01,15,13128,2105,16.03
2021-05-01,16,13128,2077,15.82
2021-05-01,17,13128,2116,16.12
2021-05-01,18,13128,2061,15.7
2021-05-01,19,13128,2146,16.35
2021-05-01,20,13128,2108,16.06
2021-05-01,21,13128,1874,14.27
2021-05-01,22,13128,2090,15.92
2021-05-01,23,13128,2010,15.31
2021-05-01,24,13128,2078,15.83
2021-05-01,25,13128,1959,14.92
2021-05-01,26,13128,2084,15.87
2021-05-01,27,13128,2153,16.4
2021-05-01,28,13128,2142,16.32
2021-05-01,29,13128,2127,16.2
2021-05-01,30,13128,2054,15.65
2021-05-01,31,13128,2096,15.97
2021-05-01,32,13128,2139,16.29
2021-05-01,33,13128,1957,14.91
2021-05-01,34,13128,2058,15.68
2021-05-01,35,13128,2123,16.17
2021-05-01,36,13128,2113,16.1
2021-05-01,37,13128,2080,15.84
2021-05-01,38,13128,2100,16.0
2021-05-01,39,13128,2106,16.04
2021-05-01,40,13128,1952,14.87
2021-05-01,41,13128,2125,16.19
2021-05-01,42,13128,2022,15.4
2021-05-01,43,13128,2071,15.78
2021-05-01,44,13128,2106,16.04
2021-05-01,45,13128,1901,14.48
2021-05-01,46,13128,2139,16.29
2021-05-01,47,13128,2060,15.69
2021-05-01,48,13128,2072,15.78
2021-05-01,49,13128,2005,15.27
2021-05-01,50,13128,2121,16.16
2021-05-01,51,13128,2132,16.24
2021-05-01,52,13128,2073,15.79
2021-05-01,53,13128,2124,16.18
2021-05-01,54,13128,2046,15.59
2021-05-01,55,13128,2116,16.12
2021-05-01,56,13128,2088,15.9
2021-05-01,57,13128,1867,14.22
2021-06-01,0,10767,10767,100.0
2021-06-01,1,10767,1647,15.3
2021-06-01,2,10767,1696,15.75
2021-06-01,3,10767,1580,14.67
2021-06-01,4,10767,1701,15.8
2021-06-01,5,10767,1617,15.02
2021-06-01,6,10767,1672,15.53
2021-06-01,7,10767,1564,14.53
2021-06-01,8,10767,1525,14.16
2021-06-01,9,10767,1661,15.43
2021-06-01,10,10767,1577,14.65
2021-06-01,11,10767,1667,15.48
2021-06-01,12,10767,1605,14.91
2021-06-01,13,10767,1693,15.72
2021-06-01,14,10767,1637,15.2
2021-06-01,15,10767,1622,15.06
2021-06-01,16,10767,1603,14.89
2021-06-01,17,10767,1627,15.11
2021-06-01,18,10767,1692,15.71
2021-06-01,19,10767,1711,15.89
2021-06-01,20,10767,1546,14.36
2021-06-01,21,10767,1659,15.41
2021-06-01,22,10767,1530,14.21
2021-06-01,23,10767,1644,15.27
2021-06-01,24,10767,1581,14.68
2021-06-01,25,10767,1648,15.31
2021-06-01,26,10767,1664,15.45
2021-06-01,27,10767,1593,14.8
2021-06-01,28,10767,1601,14.87
2021-06-01,29,10767,1579,14.67
2021-06-01,30,10767,1687,15.67
2021-06-01,31,10767,1678,15.58
2021-06-01,32,10767,1558,14.47
2021-06-01,33,10767,1656,15.38
2021-06-01,34,10767,1538,14.28
2021-06-01,35,10767,1645,15.28
2021-06-01,36,10767,1558,14.47
2021-06-01,37,10767,1648,15.31
2021-06-01,38,10767,1659,15.41
2021-06-01,39,10767,1606,14.92
2021-06-01,40,10767,1678,15.58
2021-06-01,41,10767,1622,15.06
2021-06-01,42,10767,1647,15.3
2021-06-01,43,10767,1661,15.43
2021-06-01,44,10767,1501,13.94
2021-06-01,45,10767,1644,15.27
2021-06-01,46,10767,1591,14.78
2021-06-01,47,10767,1697,15.76
2021-06-01,48,10767,1686,15.66
2021-06-01,49,10767,1648,15.31
2021-06-01,50,10767,1625,15.09
2021-06-01,51,10767,1620,15.05
2021-06-01,52,10767,1597,14.83
2021-06-01,53,10767,1547,14.37
2021-06-01,54,10767,1630,15.14
2021-06-01,55,10767,1671,15.52
2021-06-01,56,10767,1488,13.82
2021-07-01,0,9263,9263,100.0
2021-07-01,1,9263,1369,14.78
2021-07-01,2,9263,1365,14.74
2021-07-01,3,9263,1354,14.62
2021-07-01,4,9263,1272,13.73
2021-07-01,5,9263,1381,14.91
2021-07-01,6,9263,1371,14.8
2021-07-01,7,9263,1244,13.43
2021-07-01,8,9263,1388,14.98
2021-07-01,9,9263,1304,14.08
2021-07-01,10,9263,1356,14.64
2021-07-01,11,9263,1344,14.51
2021-07-01,12,9263,1379,14.89
2021-07-01,13,9263,1407,15.19
2021-07-01,14,9263,1386,14.96
2021-07-01,15,9263,1363,14.71
2021-07-01,16,9263,1340,14.47
2021-07-01,17,9263,1363,14.71
2021-07-01,18,9263,1390,15.01
2021-07-01,19,9263,1241,13.4
2021-07-01,20,9263,1343,14.5
2021-07-01,21,9263,1363,14.71
2021-07-01,22,9263,1348,14.55
2021-07-01,23,9263,1290,13.93
2021-07-01,24,9263,1353,14.61
2021-07-01,25,9263,1353,14.61
2021-07-01,26,9263,1285,13.87
2021-07-01,27,9263,1362,14.7
2021-07-01,28,9263,1369,14.78
2021-07-01,29,9263,1313,14.17
2021-07-01,30,9263,1323,14.28
2021-07-01,31,9263,1275,13.76
2021-07-01,32,9263,1310,14.14
2021-07-01,33,9263,1282,13.84
2021-07-01,34,9263,1390,15.01
2021-07-01,35,9263,1343,14.5
2021-07-01,36,9263,1337,14.43
2021-07-01,37,9263,1377,14.87
2021-07-01,38,9263,1315,14.2
2021-07-01,39,9263,1300,14.03
2021-07-01,40,9263,1349,14.56
2021-07-01,41,9263,1316,14.21
2021-07-01,42,9263,1399,15.1
2021-07-01,43,9263,1279,13.81
2021-07-01,44,9263,1333,14.39
2021-07-01,45,9263,1375,14.84
2021-07-01,46,9263,1391,15.02
2021-07-01,47,9263,1328,14.34
2021-07-01,48,9263,1383,14.93
2021-07-01,49,9263,1369,14.78
2021-07-01,50,9263,1298,14.01
2021-07-01,51,9263,1351,14.58
2021-07-01,52,9263,1271,13.72
2021-07-01,53,9263,1360,14.68
2021-07-01,54,9263,1311,14.15
2021-07-01,55,9263,1241,13.4
2021-08-01,0,7881,7881,100.0
2021-08-01,1,7881,1105,14.02
2021-08-01,2,7881,1107,14.05
2021-08-01,3,7881,1058,13.42
2021-08-01,4,7881,1128,14.31
2021-08-01,5,7881,1089,13.82
2021-08-01,6,7881,998,12.66
2021-08-01,7,7881,1128,14.31
2021-08-01,8,7881,1086,13.78
2021-08-01,9,7881,1066,13.53
2021-08-01,10,7881,1033,13.11
2021-08-01,11,7881,1060,13.45
2021-08-01,12,7881,1147,14.55
2021-08-01,13,7881,1065,13.51
2021-08-01,14,7881,1154,14.64
2021-08-01,15,7881,1068,13.55
2021-08-01,16,7881,1098,13.93
2021-08-01,17,7881,1082,13.73
2021-08-01,18,7881,1039,13.18
2021-08-01,19,7881,1135,14.4
2021-08-01,20,7881,1064,13.5
2021-08-01,21,7881,1080,13.7
2021-08-01,22,7881,1077,13.67
2021-08-01,23,7881,1126,14.29
2021-08-01,24,7881,1111,14.1
2021-08-01,25,7881,1070,13.58
2021-08-01,26,7881,1117,14.17
2021-08-01,27,7881,1081,13.72
2021-08-01,28,7881,1088,13.81
2021-08-01,29,7881,1126,14.29
2021-08-01,30,7881,1040,13.2
2021-08-01,31,7881,1131,14.35
2021-08-01,32,7881,1049,13.31
2021-08-01,33,7881,1068,13.55
2021-08-01,34,7881,1096,13.91
2021-08-01,35,7881,1116,14.16
2021-08-01,36,7881,1118,14.19
2021-08-01,37,7881,1144,14.52
2021-08-01,38,7881,1066,13.53
2021-08-01,39,7881,1058,13.42
2021-08-01,40,7881,1180,14.97
2021-08-01,41,7881,1120,14.21
2021-08-01,42,7881,1024,12.99
2021-08-01,43,7881,1101,13.97
2021-08-01,44,7881,1056,13.4
2021-08-01,45,7881,1082,13.73
2021-08-01,46,7881,1071,13.59
2021-08-01,47,7881,1138,14.44
2021-08-01,48,7881,1100,13.96
2021-08-01,49,7881,1096,13.91
2021-08-01,50,7881,1080,13.7
2021-08-01,51,7881,1089,13.82
2021-08-01,52,7881,1099,13.94
2021-08-01,53,7881,1123,14.25
2021-08-01,54,7881,956,12.13
2021-09-01,0,6572,6572,100.0
2021-09-01,1,6572,912,13.88
2021-09-01,2,6572,876,13.33
2021-09-01,3,6572,912,13.88
2021-09-01,4,6572,836,12.72
2021-09-01,5,6572,800,12.17
2021-09-01,6,6572,893,13.59
2021-09-01,7,6572,910,13.85
2021-09-01,8,6572,913,13.89
2021-09-01,9,6572,900,13.69
2021-09-01,10,6572,923,14.04
2021-09-01,11,6572,881,13.41
2021-09-01,12,6572,840,12.78
2021-09-01,13,6572,864,13.15
2021-09-01,14,6572,886,13.48
2021-09-01,15,6572,880,13.39
2021-09-01,16,6572,890,13.54
2021-09-01,17,6572,841,12.8
2021-09-01,18,6572,899,13.68
2021-09-01,19,6572,859,13.07
2021-09-01,20,6572,868,13.21
2021-09-01,21,6572,844,12.84
2021-09-01,22,6572,924,14.06
2021-09-01,23,6572,896,13.63
2021-09-01,24,6572,937,14.26
2021-09-01,25,6572,876,13.33
2021-09-01,26,6572,886,13.48
2021-09-01,27,6572,948,14.42
2021-09-01,28,6572,885,13.47
2021-09-01,29,6572,833,12.67
2021-09-01,30,6572,944,14.36
2021-09-01,31,6572,868,13.21
2021-09-01,32,6572,862,13.12
2021-09-01,33,6572,879,13.37
2021-09-01,34,6572,822,12.51
2021-09-01,35,6572,903,13.74
2021-09-01,36,6572,873,13.28
2021-09-01,37,6572,892,13.57
2021-09-01,38,6572,871,13.25
2021-09-01,39,6572,859,13.07
2021-09-01,40,6572,886,13.48
2021-09-01,41,6572,790,12.02
2021-09-01,42,6572,932,14.18
2021-09-01,43,6572,865,13.16
2021-09-01,44,6572,902,13.72
2021-09-01,45,6572,818,12.45
2021-09-01,46,6572,909,13.83
2021-09-01,47,6572,834,12.69
2021-09-01,48,6572,875,13.31
2021-09-01,49,6572,918,13.97
2021-09-01,50,6572,857,13.04
2021-09-01,51,6572,867,13.19
2021-09-01,52,6572,938,14.27
2021-09-01,53,6572,802,12.2
2021-10-01,0,6000,6000,100.0
2021-10-01,1,6000,718,11.97
2021-10-01,2,6000,773,12.88
2021-10-01,3,6000,755,12.58
2021-10-01,4,6000,724,12.07
2021-10-01,5,6000,786,13.1
2021-10-01,6,6000,769,12.82
2021-10-01,7,6000,740,12.33
2021-10-01,8,6000,760,12.67
2021-10-01,9,6000,809,13.48
2021-10-01,10,6000,773,12.88
2021-10-01,11,6000,802,13.37
2021-10-01,12,6000,753,12.55
2021-10-01,13,6000,692,11.53
2021-10-01,14,6000,753,12.55
2021-10-01,15,6000,795,13.25
2021-10-01,16,6000,696,11.6
2021-10-01,17,6000,773,12.88
2021-10-01,18,6000,760,12.67
2021-10-01,19,6000,823,13.72
2021-10-01,20,6000,749,12.48
2021-10-01,21,6000,804,13.4
2021-10-01,22,6000,771,12.85
2021-10-01,23,6000,704,11.73
2021-10-01,24,6000,764,12.73
2021-10-01,25,6000,738,12.3
2021-10-01,26,6000,780,13.0
2021-10-01,27,6000,757,12.62
2021-10-01,28,6000,770,12.83
2021-10-01,29,6000,774,12.9
2021-10-01,30,6000,718,11.97
2021-10-01,31,6000,790,13.17
2021-10-01,32,6000,736,12.27
2021-10-01,33,6000,799,13.32
2021-10-01,34,6000,781,13.02
2021-10-01,35,6000,736,12.27
2021-10-01,36,6000,784,13.07
2021-10-01,37,6000,733,12.22
2021-10-01,38,6000,737,12.28
2021-10-01,39,6000,825,13.75
2021-10-01,40,6000,697,11.62
2021-10-01,41,6000,753,12.55
2021-10-01,42,6000,697,11.62
2021-10-01,43,6000,785,13.08
2021-10-01,44,6000,745,12.42
2021-10-01,45,6000,787,13.12
2021-10-01,46,6000,780,13.0
2021-10-01,47,6000,782,13.03
2021-10-01,48,6000,745,12.42
2021-10-01,49,6000,723,12.05
2021-10-01,50,6000,775,12.92
2021-10-01,51,6000,761,12.68
2021-10-01,52,6000,685,11.42
2021-11-01,0,4852,4852,100.0
2021-11-01,1,4852,593,12.22
2021-11-01,2,4852,565,11.64
2021-11-01,3,4852,540,11.13
2021-11-01,4,4852,555,11.44
2021-11-01,5,4852,545,11.23
2021-11-01,6,4852,579,11.93
2021-11-01,7,4852,571,11.77
2021-11-01,8,4852,564,11.62
2021-11-01,9,4852,617,12.72
2021-11-01,10,4852,554,11.42
2021-11-01,11,4852,583,12.02
2021-11-01,12,4852,580,11.95
2021-11-01,13,4852,592,12.2
2021-11-01,14,4852,595,12.26
2021-11-01,15,4852,560,11.54
2021-11-01,16,4852,573,11.81
2021-11-01,17,4852,559,11.52
2021-11-01,18,4852,594,12.24
2021-11-01,19,4852,598,12.32
2021-11-01,20,4852,615,12.68
2021-11-01,21,4852,602,12.41
2021-11-01,22,4852,548,11.29
2021-11-01,23,4852,605,12.47
2021-11-01,24,4852,612,12.61
2021-11-01,25,4852,584,12.04
2021-11-01,26,4852,615,12.68
2021-11-01,27,4852,552,11.38
2021-11-01,28,4852,588,12.12
2021-11-01,29,4852,599,12.35
2021-11-01,30,4852,621,12.8
2021-11-01,31,4852,565,11.64
2021-11-01,32,4852,592,12.2
2021-11-01,33,4852,585,12.06
2021-11-01,34,4852,608,12.53
2021-11-01,35,4852,599,12.35
2021-11-01,36,4852,596,12.28
2021-11-01,37,4852,632,13.03
2021-11-01,38,4852,605,12.47
2021-11-01,39,4852,540,11.13
2021-11-01,40,4852,550,11.34
2021-11-01,41,4852,580,11.95
2021-11-01,42,4852,568,11.71
2021-11-01,43,4852,575,11.85
2021-11-01,44,4852,561,11.56
2021-11-01,45,4852,613,12.63
2021-11-01,46,4852,569,11.73
2021-11-01,47,4852,608,12.53
2021-11-01,48,4852,571,11.77
2021-11-01,49,4852,620,12.78
2021-11-01,50,4852,577,11.89
2021-11-01,51,4852,494,10.18
2021-12-01,0,4641,4641,100.0
2021-12-01,1,4641,556,11.98
2021-12-01,2,4641,490,10.56
2021-12-01,3,4641,536,11.55
2021-12-01,4,4641,507,10.92
2021-12-01,5,4641,491,10.58
2021-12-01,6,4641,522,11.25
2021-12-01,7,4641,563,12.13
2021-12-01,8,4641,580,12.5
2021-12-01,9,4641,517,11.14
2021-12-01,10,4641,531,11.44
2021-12-01,11,4641,535,11.53
2021-12-01,12,4641,537,11.57
2021-12-01,13,4641,549,11.83
2021-12-01,14,4641,518,11.16
2021-12-01,15,4641,559,12.04
2021-12-01,16,4641,563,12.13
2021-12-01,17,4641,558,12.02
2021-12-01,18,4641,525,11.31
2021-12-01,19,4641,511,11.01
2021-12-01,20,4641,544,11.72
2021-12-01,21,4641,485,10.45
2021-12-01,22,4641,532,11.46
2021-12-01,23,4641,534,11.51
2021-12-01,24,4641,529,11.4
2021-12-01,25,4641,551,11.87
2021-12-01,26,4641,489,10.54
2021-12-01,27,4641,579,12.48
2021-12-01,28,4641,536,11.55
2021-12-01,29,4641,517,11.14
2021-12-01,30,4641,469,10.11
2021-12-01,31,4641,516,11.12
2021-12-01,32,4641,550,11.85
2021-12-01,33,4641,530,11.42
2021-12-01,34,4641,577,12.43
2021-12-01,35,4641,532,11.46
2021-12-01,36,4641,484,10.43
2021-12-01,37,4641,515,11.1
2021-12-01,38,4641,446,9.61
2021-12-01,39,4641,525,11.31
2021-12-01,40,4641,511,11.01
2021-12-01,41,4641,505,10.88
2021-12-01,42,4641,499,10.75
2021-12-01,43,4641,560,12.07
2021-12-01,44,4641,533,11.48
2021-12-01,45,4641,482,10.39
2021-12-01,46,4641,534,11.51
2021-12-01,47,4641,530,11.42
2021-12-01,48,4641,544,11.72
2021-12-01,49,4641,508,10.95
2021-12-01,50,4641,476,10.26
2022-01-01,0,4068,4068,100.0
2022-01-01,1,4068,395,9.71
2022-01-01,2,4068,460,11.31
2022-01-01,3,4068,428,10.52
2022-01-01,4,4068,476,11.7
2022-01-01,5,4068,433,10.64
2022-01-01,6,4068,482,11.85
2022-01-01,7,4068,490,12.05
2022-01-01,8,4068,453,11.14
2022-01-01,9,4068,434,10.67
2022-01-01,10,4068,446,10.96
2022-01-01,11,4068,447,10.99
2022-01-01,12,4068,424,10.42
2022-01-01,13,4068,414,10.18
2022-01-01,14,4068,465,11.43
2022-01-01,15,4068,466,11.46
2022-01-01,16,4068,458,11.26
2022-01-01,17,4068,423,10.4
2022-01-01,18,4068,481,11.82
2022-01-01,19,4068,466,11.46
2022-01-01,20,4068,448,11.01
2022-01-01,21,4068,481,11.82
2022-01-01,22,4068,438,10.77
2022-01-01,23,4068,403,9.91
2022-01-01,24,4068,443,10.89
2022-01-01,25,4068,458,11.26
2022-01-01,26,4068,475,11.68
2022-01-01,27,4068,472,11.6
2022-01-01,28,4068,461,11.33
2022-01-01,29,4068,447,10.99
2022-01-01,30,4068,444,10.91
2022-01-01,31,4068,456,11.21
2022-01-01,32,4068,439,10.79
2022-01-01,33,4068,452,11.11
2022-01-01,34,4068,440,10.82
2022-01-01,35,4068,418,10.28
2022-01-01,36,4068,475,11.68
2022-01-01,37,4068,411,10.1
2022-01-01,38,4068,473,11.63
2022-01-01,39,4068,450,11.06
2022-01-01,40,4068,453,11.14
2022-01-01,41,4068,435,10.69
2022-01-01,42,4068,465,11.43
2022-01-01,43,4068,448,11.01
2022-01-01,44,4068,411,10.1
2022-01-01,45,4068,459,11.28
2022-01-01,46,4068,384,9.44
2022-01-01,47,4068,468,11.5
2022-01-01,48,4068,480,11.8
2022-01-01,49,4068,401,9.86
2022-02-01,0,3243,3243,100.0
2022-02-01,1,3243,370,11.41
2022-02-01,2,3243,338,10.42
2022-02-01,3,3243,335,10.33
2022-02-01,4,3243,325,10.02
2022-02-01,5,3243,347,10.7
2022-02-01,6,3243,359,11.07
2022-02-01,7,3243,333,10.27
2022-02-01,8,3243,381,11.75
2022-02-01,9,3243,324,9.99
2022-02-01,10,3243,342,10.55
2022-02-01,11,3243,341,10.51
2022-02-01,12,3243,309,9.53
2022-02-01,13,3243,388,11.96
2022-02-01,14,3243,333,10.27
2022-02-01,15,3243,325,10.02
2022-02-01,16,3243,339,10.45
2022-02-01,17,3243,365,11.26
2022-02-01,18,3243,343,10.58
2022-02-01,19,3243,306,9.44
2022-02-01,20,3243,345,10.64
2022-02-01,21,3243,353,10.88
2022-02-01,22,3243,373,11.5
2022-02-01,23,3243,371,11.44
2022-02-01,24,3243,321,9.9
2022-02-01,25,3243,354,10.92
2022-02-01,26,3243,342,10.55
2022-02-01,27,3243,349,10.76
2022-02-01,28,3243,327,10.08
2022-02-01,29,3243,357,11.01
2022-02-01,30,3243,367,11.32
2022-02-01,31,3243,336,10.36
2022-02-01,32,3243,320,9.87
2022-02-01,33,3243,361,11.13
2022-02-01,34,3243,322,9.93
2022-02-01,35,3243,334,10.3
2022-02-01,36,3243,335,10.33
2022-02-01,37,3243,348,10.73
2022-02-01,38,3243,328,10.11
2022-02-01,39,3243,356,10.98
2022-02-01,40,3243,334,10.3
2022-02-01,41,3243,323,9.96
2022-02-01,42,3243,324,9.99
2022-02-01,43,3243,315,9.71
2022-02-01,44,3243,360,11.1
2022-02-01,45,3243,328,10.11
2022-02-01,46,3243,363,11.19
2022-02-01,47,3243,358,11.04
2022-02-01,48,3243,291,8.97
2022-03-01,0,3200,3200,100.0
2022-03-01,1,3200,311,9.72
2022-03-01,2,3200,305,9.53
2022-03-01,3,3200,299,9.34
2022-03-01,4,3200,362,11.31
2022-03-01,5,3200,349,10.91
2022-03-01,6,3200,323,10.09
2022-03-01,7,3200,323,10.09
2022-03-01,8,3200,343,10.72
2022-03-01,9,3200,313,9.78
2022-03-01,10,3200,320,10.0
2022-03-01,11,3200,269,8.41
2022-03-01,12,3200,331,10.34
2022-03-01,13,3200,327,10.22
2022-03-01,14,3200,325,10.16
2022-03-01,15,3200,341,10.66
2022-03-01,16,3200,328,10.25
2022-03-01,17,3200,356,11.13
2022-03-01,18,3200,335,10.47
2022-03-01,19,3200,324,10.13
2022-03-01,20,3200,286,8.94
2022-03-01,21,3200,333,10.41
2022-03-01,22,3200,334,10.44
2022-03-01,23,3200,298,9.31
2022-03-01,24,3200,329,10.28
2022-03-01,25,3200,350,10.94
2022-03-01,26,3200,317,9.91
2022-03-01,27,3200,339,10.59
2022-03-01,28,3200,321,10.03
2022-03-01,29,3200,333,10.41
2022-03-01,30,3200,306,9.56
2022-03-01,31,3200,319,9.97
2022-03-01,32,3200,295,9.22
2022-03-01,33,3200,309,9.66
2022-03-01,34,3200,337,10.53
2022-03-01,35,3200,296,9.25
2022-03-01,36,3200,346,10.81
2022-03-01,37,3200,319,9.97
2022-03-01,38,3200,335,10.47
2022-03-01,39,3200,318,9.94
2022-03-01,40,3200,315,9.84
2022-03-01,41,3200,329,10.28
2022-03-01,42,3200,353,11.03
2022-03-01,43,3200,322,10.06
2022-03-01,44,3200,305,9.53
2022-03-01,45,3200,312,9.75
2022-03-01,46,3200,362,11.31
2022-03-01,47,3200,315,9.84
2022-04-01,0,2791,2791,100.0
2022-04-01,1,2791,300,10.75
2022-04-01,2,2791,271,9.71
2022-04-01,3,2791,273,9.78
2022-04-01,4,2791,295,10.57
2022-04-01,5,2791,267,9.57
2022-04-01,6,2791,287,10.28
2022-04-01,7,2791,240,8.6
2022-04-01,8,2791,262,9.39
2022-04-01,9,2791,266,9.53
2022-04-01,10,2791,234,8.38
2022-04-01,11,2791,263,9.42
2022-04-01,12,2791,244,8.74
2022-04-01,13,2791,265,9.49
2022-04-01,14,2791,269,9.64
2022-04-01,15,2791,284,10.18
2022-04-01,16,2791,311,11.14
2022-04-01,17,2791,287,10.28
2022-04-01,18,2791,252,9.03
2022-04-01,19,2791,249,8.92
2022-04-01,20,2791,267,9.57
2022-04-01,21,2791,278,9.96
2022-04-01,22,2791,253,9.06
2022-04-01,23,2791,250,8.96
2022-04-01,24,2791,260,9.32
2022-04-01,25,2791,279,10.0
2022-04-01,26,2791,265,9.49
2022-04-01,27,2791,250,8.96
2022-04-01,28,2791,271,9.71
2022-04-01,29,2791,243,8.71
2022-04-01,30,2791,303,10.86
2022-04-01,31,2791,268,9.6
2022-04-01,32,2791,287,10.28
2022-04-01,33,2791,281,10.07
2022-04-01,34,2791,257,9.21
2022-04-01,35,2791,277,9.92
2022-04-01,36,2791,275,9.85
2022-04-01,37,2791,276,9.89
2022-04-01,38,2791,300,10.75
2022-04-01,39,2791,272,9.75
2022-04-01,40,2791,282,10.1
2022-04-01,41,2791,279,10.0
2022-04-01,42,2791,277,9.92
2022-04-01,43,2791,261,9.35
2022-04-01,44,2791,271,9.71
2022-04-01,45,2791,225,8.06
2022-04-01,46,2791,243,8.71
2022-05-01,0,2684,2684,100.0
2022-05-01,1,2684,249,9.28
2022-05-01,2,2684,208,7.75
2022-05-01,3,2684,249,9.28
2022-05-01,4,2684,266,9.91
2022-05-01,5,2684,235,8.76
2022-05-01,6,2684,274,10.21
2022-05-01,7,2684,254,9.46
2022-05-01,8,2684,244,9.09
2022-05-01,9,2684,226,8.42
2022-05-01,10,2684,242,9.02
2022-05-01,11,2684,247,9.2
2022-05-01,12,2684,240,8.94
2022-05-01,13,2684,221,8.23
2022-05-01,14,2684,247,9.2
2022-05-01,15,2684,252,9.39
2022-05-01,16,2684,238,8.87
2022-05-01,17,2684,240,8.94
2022-05-01,18,2684,252,9.39
2022-05-01,19,2684,226,8.42
2022-05-01,20,2684,238,8.87
2022-05-01,21,2684,222,8.27
2022-05-01,22,2684,253,9.43
2022-05-01,23,2684,277,10.32
2022-05-01,24,2684,264,9.84
2022-05-01,25,2684,258,9.61
2022-05-01,26,2684,236,8.79
2022-05-01,27,2684,246,9.17
2022-05-01,28,2684,265,9.87
2022-05-01,29,2684,252,9.39
2022-05-01,30,2684,235,8.76
2022-05-01,31,2684,236,8.79
2022-05-01,32,2684,269,10.02
2022-05-01,33,2684,237,8.83
2022-05-01,34,2684,264,9.84
2022-05-01,35,2684,269,10.02
2022-05-01,36,2684,249,9.28
2022-05-01,37,2684,230,8.57
2022-05-01,38,2684,240,8.94
2022-05-01,39,2684,235,8.76
2022-05-01,40,2684,248,9.24
2022-05-01,41,2684,262,9.76
2022-05-01,42,2684,258,9.61
2022-05-01,43,2684,223,8.31
2022-05-01,44,2684,246,9.17
2022-05-01,45,2684,238,8.87
2022-06-01,0,2366,2366,100.0
2022-06-01,1,2366,213,9.0
2022-06-01,2,2366,197,8.33
2022-06-01,3,2366,188,7.95
2022-06-01,4,2366,216,9.13
2022-06-01,5,2366,210,8.88
2022-06-01,6,2366,196,8.28
2022-06-01,7,2366,236,9.97
2022-06-01,8,2366,164,6.93
2022-06-01,9,2366,199,8.41
2022-06-01,10,2366,205,8.66
2022-06-01,11,2366,224,9.47
2022-06-01,12,2366,216,9.13
2022-06-01,13,2366,225,9.51
2022-06-01,14,2366,231,9.76
2022-06-01,15,2366,190,8.03
2022-06-01,16,2366,200,8.45
2022-06-01,17,2366,214,9.04
2022-06-01,18,2366,215,9.09
2022-06-01,19,2366,226,9.55
2022-06-01,20,2366,198,8.37
2022-06-01,21,2366,192,8.11
2022-06-01,22,2366,186,7.86
2022-06-01,23,2366,221,9.34
2022-06-01,24,2366,228,9.64
2022-06-01,25,2366,213,9.0
2022-06-01,26,2366,167,7.06
2022-06-01,27,2366,209,8.83
2022-06-01,28,2366,216,9.13
2022-06-01,29,2366,203,8.58
2022-06-01,30,2366,212,8.96
2022-06-01,31,2366,217,9.17
2022-06-01,32,2366,177,7.48
2022-06-01,33,2366,205,8.66
2022-06-01,34,2366,198,8.37
2022-06-01,35,2366,206,8.71
2022-06-01,36,2366,220,9.3
2022-06-01,37,2366,237,10.02
2022-06-01,38,2366,225,9.51
2022-06-01,39,2366,181,7.65
2022-06-01,40,2366,211,8.92
2022-06-01,41,2366,205,8.66
2022-06-01,42,2366,215,9.09
2022-06-01,43,2366,204,8.62
2022-06-01,44,2366,167,7.06
2022-07-01,0,2257,2257,100.0
2022-07-01,1,2257,196,8.68
2022-07-01,2,2257,189,8.37
2022-07-01,3,2257,200,8.86
2022-07-01,4,2257,195,8.64
2022-07-01,5,2257,194,8.6
2022-07-01,6,2257,204,9.04
2022-07-01,7,2257,189,8.37
2022-07-01,8,2257,200,8.86
2022-07-01,9,2257,174,7.71
2022-07-01,10,2257,210,9.3
2022-07-01,11,2257,182,8.06
2022-07-01,12,2257,193,8.55
2022-07-01,13,2257,218,9.66
2022-07-01,14,2257,185,8.2
2022-07-01,15,2257,202,8.95
2022-07-01,16,2257,189,8.37
2022-07-01,17,2257,211,9.35
2022-07-01,18,2257,201,8.91
2022-07-01,19,2257,199,8.82
2022-07-01,20,2257,197,8.73
2022-07-01,21,2257,195,8.64
2022-07-01,22,2257,173,7.67
2022-07-01,23,2257,202,8.95
2022-07-01,24,2257,197,8.73
2022-07-01,25,2257,214,9.48
2022-07-01,26,2257,203,8.99
2022-07-01,27,2257,224,9.92
2022-07-01,28,2257,196,8.68
2022-07-01,29,2257,207,9.17
2022-07-01,30,2257,215,9.53
2022-07-01,31,2257,199,8.82
2022-07-01,32,2257,212,9.39
2022-07-01,33,2257,194,8.6
2022-07-01,34,2257,199,8.82
2022-07-01,35,2257,198,8.77
2022-07-01,36,2257,213,9.44
2022-07-01,37,2257,208,9.22
2022-07-01,38,2257,218,9.66
2022-07-01,39,2257,201,8.91
2022-07-01,40,2257,195,8.64
2022-07-01,41,2257,201,8.91
2022-07-01,42,2257,181,8.02
2022-07-01,43,2257,188,8.33
2022-08-01,0,1999,1999,100.0
2022-08-01,1,1999,176,8.8
2022-08-01,2,1999,160,8.0
2022-08-01,3,1999,174,8.7
2022-08-01,4,1999,170,8.5
2022-08-01,5,1999,151,7.55
2022-08-01,6,1999,136,6.8
2022-08-01,7,1999,165,8.25
2022-08-01,8,1999,165,8.25
2022-08-01,9,1999,172,8.6
2022-08-01,10,1999,160,8.0
2022-08-01,11,1999,163,8.15
2022-08-01,12,1999,174,8.7
2022-08-01,13,1999,159,7.95
2022-08-01,14,1999,164,8.2
2022-08-01,15,1999,156,7.8
2022-08-01,16,1999,159,7.95
2022-08-01,17,1999,177,8.85
2022-08-01,18,1999,140,7.0
2022-08-01,19,1999,168,8.4
2022-08-01,20,1999,156,7.8
2022-08-01,21,1999,165,8.25
2022-08-01,22,1999,166,8.3
2022-08-01,23,1999,156,7.8
2022-08-01,24,1999,167,8.35
2022-08-01,25,1999,150,7.5
2022-08-01,26,1999,170,8.5
2022-08-01,27,1999,164,8.2
2022-08-01,28,1999,168,8.4
2022-08-01,29,1999,180,9.0
2022-08-01,30,1999,159,7.95
2022-08-01,31,1999,172,8.6
2022-08-01,32,1999,165,8.25
2022-08-01,33,1999,180,9.0
2022-08-01,34,1999,140,7.0
2022-08-01,35,1999,197,9.85
2022-08-01,36,1999,184,9.2
2022-08-01,37,1999,163,8.15
2022-08-01,38,1999,174,8.7
2022-08-01,39,1999,188,9.4
2022-08-01,40,1999,149,7.45
2022-08-01,41,1999,179,8.95
2022-08-01,42,1999,159,7.95
2022-09-01,0,1766,1766,100.0
2022-09-01,1,1766,140,7.93
2022-09-01,2,1766,142,8.04
2022-09-01,3,1766,157,8.89
2022-09-01,4,1766,145,8.21
2022-09-01,5,1766,119,6.74
2022-09-01,6,1766,144,8.15
2022-09-01,7,1766,136,7.7
2022-09-01,8,1766,140,7.93
2022-09-01,9,1766,130,7.36
2022-09-01,10,1766,158,8.95
2022-09-01,11,1766,144,8.15
2022-09-01,12,1766,146,8.27
2022-09-01,13,1766,155,8.78
2022-09-01,14,1766,161,9.12
2022-09-01,15,1766,138,7.81
2022-09-01,16,1766,125,7.08
2022-09-01,17,1766,140,7.93
2022-09-01,18,1766,136,7.7
2022-09-01,19,1766,130,7.36
2022-09-01,20,1766,132,7.47
2022-09-01,21,1766,131,7.42
2022-09-01,22,1766,171,9.68
2022-09-01,23,1766,146,8.27
2022-09-01,24,1766,137,7.76
2022-09-01,25,1766,150,8.49
2022-09-01,26,1766,152,8.61
2022-09-01,27,1766,146,8.27
2022-09-01,28,1766,134,7.59
2022-09-01,29,1766,132,7.47
2022-09-01,30,1766,145,8.21
2022-09-01,31,1766,156,8.83
2022-09-01,32,1766,132,7.47
2022-09-01,33,1766,131,7.42
2022-09-01,34,1766,147,8.32
2022-09-01,35,1766,136,7.7
2022-09-01,36,1766,126,7.13
2022-09-01,37,1766,149,8.44
2022-09-01,38,1766,123,6.96
2022-09-01,39,1766,147,8.32
2022-09-01,40,1766,138,7.81
2022-09-01,41,1766,140,7.93
2022-10-01,0,1695,1695,100.0
2022-10-01,1,1695,135,7.96
2022-10-01,2,1695,148,8.73
2022-10-01,3,1695,136,8.02
2022-10-01,4,1695,120,7.08
2022-10-01,5,1695,126,7.43
2022-10-01,6,1695,114,6.73
2022-10-01,7,1695,130,7.67
2022-10-01,8,1695,130,7.67
2022-10-01,9,1695,130,7.67
2022-10-01,10,1695,142,8.38
2022-10-01,11,1695,132,7.79
2022-10-01,12,1695,136,8.02
2022-10-01,13,1695,124,7.32
2022-10-01,14,1695,136,8.02
2022-10-01,15,1695,99,5.84
2022-10-01,16,1695,126,7.43
2022-10-01,17,1695,134,7.91
2022-10-01,18,1695,140,8.26
2022-10-01,19,1695,128,7.55
2022-10-01,20,1695,115,6.78
2022-10-01,21,1695,136,8.02
2022-10-01,22,1695,140,8.26
2022-10-01,23,1695,107,6.31
2022-10-01,24,1695,127,7.49
2022-10-01,25,1695,131,7.73
2022-10-01,26,1695,125,7.37
2022-10-01,27,1695,131,7.73
2022-10-01,28,1695,132,7.79
2022-10-01,29,1695,132,7.79
2022-10-01,30,1695,137,8.08
2022-10-01,31,1695,133,7.85
2022-10-01,32,1695,130,7.67
2022-10-01,33,1695,118,6.96
2022-10-01,34,1695,151,8.91
2022-10-01,35,1695,122,7.2
2022-10-01,36,1695,144,8.5
2022-10-01,37,1695,120,7.08
2022-10-01,38,1695,122,7.2
2022-10-01,39,1695,129,7.61
2022-10-01,40,1695,126,7.43
2022-11-01,0,1480,1480,100.0
2022-11-01,1,1480,104,7.03
2022-11-01,2,1480,119,8.04
2022-11-01,3,1480,101,6.82
2022-11-01,4,1480,104,7.03
2022-11-01,5,1480,109,7.36
2022-11-01,6,1480,98,6.62
2022-11-01,7,1480,107,7.23
2022-11-01,8,1480,93,6.28
2022-11-01,9,1480,108,7.3
2022-11-01,10,1480,109,7.36
2022-11-01,11,1480,114,7.7
2022-11-01,12,1480,116,7.84
2022-11-01,13,1480,107,7.23
2022-11-01,14,1480,113,7.64
2022-11-01,15,1480,99,6.69
2022-11-01,16,1480,102,6.89
2022-11-01,17,1480,120,8.11
2022-11-01,18,1480,85,5.74
2022-11-01,19,1480,122,8.24
2022-11-01,20,1480,99,6.69
2022-11-01,21,1480,108,7.3
2022-11-01,22,1480,117,7.91
2022-11-01,23,1480,123,8.31
2022-11-01,24,1480,122,8.24
2022-11-01,25,1480,119,8.04
2022-11-01,26,1480,120,8.11
2022-11-01,27,1480,104,7.03
2022-11-01,28,1480,101,6.82
2022-11-01,29,1480,114,7.7
2022-11-01,30,1480,115,7.77
2022-11-01,31,1480,109,7.36
2022-11-01,32,1480,104,7.03
2022-11-01,33,1480,101,6.82
2022-11-01,34,1480,111,7.5
2022-11-01,35,1480,109,7.36
2022-11-01,36,1480,113,7.64
2022-11-01,37,1480,107,7.23
2022-11-01,38,1480,122,8.24
2022-11-01,39,1480,109,7.36
2022-12-01,0,1414,1414,100.0
2022-12-01,1,1414,97,6.86
2022-12-01,2,1414,91,6.44
2022-12-01,3,1414,95,6.72
2022-12-01,4,1414,109,7.71
2022-12-01,5,1414,86,6.08
2022-12-01,6,1414,92,6.51
2022-12-01,7,1414,89,6.29
2022-12-01,8,1414,134,9.48
2022-12-01,9,1414,115,8.13
2022-12-01,10,1414,92,6.51
2022-12-01,11,1414,105,7.43
2022-12-01,12,1414,107,7.57
2022-12-01,13,1414,111,7.85
2022-12-01,14,1414,94,6.65
2022-12-01,15,1414,114,8.06
2022-12-01,16,1414,85,6.01
2022-12-01,17,1414,104,7.36
2022-12-01,18,1414,113,7.99
2022-12-01,19,1414,110,7.78
2022-12-01,20,1414,99,7.0
2022-12-01,21,1414,101,7.14
2022-12-01,22,1414,105,7.43
2022-12-01,23,1414,103,7.28
2022-12-01,24,1414,104,7.36
2022-12-01,25,1414,92,6.51
2022-12-01,26,1414,110,7.78
2022-12-01,27,1414,111,7.85
2022-12-01,28,1414,103,7.28
2022-12-01,29,1414,102,7.21
2022-12-01,30,1414,100,7.07
2022-12-01,31,1414,91,6.44
2022-12-01,32,1414,93,6.58
2022-12-01,33,1414,104,7.36
2022-12-01,34,1414,90,6.36
2022-12-01,35,1414,101,7.14
2022-12-01,36,1414,101,7.14
2022-12-01,37,1414,102,7.21
2022-12-01,38,1414,105,7.43
2023-01-01,0,1391,1391,100.0
2023-01-01,1,1391,99,7.12
2023-01-01,2,1391,117,8.41
2023-01-01,3,1391,99,7.12
2023-01-01,4,1391,95,6.83
2023-01-01,5,1391,102,7.33
2023-01-01,6,1391,118,8.48
2023-01-01,7,1391,107,7.69
2023-01-01,8,1391,75,5.39
2023-01-01,9,1391,103,7.4
2023-01-01,10,1391,94,6.76
2023-01-01,11,1391,90,6.47
2023-01-01,12,1391,102,7.33
2023-01-01,13,1391,89,6.4
2023-01-01,14,1391,106,7.62
2023-01-01,15,1391,83,5.97
2023-01-01,16,1391,112,8.05
2023-01-01,17,1391,117,8.41
2023-01-01,18,1391,111,7.98
2023-01-01,19,1391,118,8.48
2023-01-01,20,1391,106,7.62
2023-01-01,21,1391,113,8.12
2023-01-01,22,1391,103,7.4
2023-01-01,23,1391,97,6.97
2023-01-01,24,1391,108,7.76
2023-01-01,25,1391,83,5.97
2023-01-01,26,1391,88,6.33
2023-01-01,27,1391,108,7.76
2023-01-01,28,1391,98,7.05
2023-01-01,29,1391,99,7.12
2023-01-01,30,1391,110,7.91
2023-01-01,31,1391,96,6.9
2023-01-01,32,1391,88,6.33
2023-01-01,33,1391,97,6.97
2023-01-01,34,1391,90,6.47
2023-01-01,35,1391,99,7.12
2023-01-01,36,1391,89,6.4
2023-01-01,37,1391,98,7.05
2023-02-01,0,1113,1113,100.0
2023-02-01,1,1113,73,6.56
2023-02-01,2,1113,64,5.75
2023-02-01,3,1113,74,6.65
2023-02-01,4,1113,67,6.02
2023-02-01,5,1113,71,6.38
2023-02-01,6,1113,95,8.54
2023-02-01,7,1113,66,5.93
2023-02-01,8,1113,63,5.66
2023-02-01,9,1113,63,5.66
2023-02-01,10,1113,78,7.01
2023-02-01,11,1113,92,8.27
2023-02-01,12,1113,61,5.48
2023-02-01,13,1113,77,6.92
2023-02-01,14,1113,68,6.11
2023-02-01,15,1113,79,7.1
2023-02-01,16,1113,81,7.28
2023-02-01,17,1113,72,6.47
2023-02-01,18,1113,75,6.74
2023-02-01,19,1113,66,5.93
2023-02-01,20,1113,67,6.02
2023-02-01,21,1113,81,7.28
2023-02-01,22,1113,71,6.38
2023-02-01,23,1113,83,7.46
2023-02-01,24,1113,69,6.2
2023-02-01,25,1113,78,7.01
2023-02-01,26,1113,74,6.65
2023-02-01,27,1113,78,7.01
2023-02-01,28,1113,77,6.92
2023-02-01,29,1113,85,7.64
2023-02-01,30,1113,83,7.46
2023-02-01,31,1113,68,6.11
2023-02-01,32,1113,61,5.48
2023-02-01,33,1113,65,5.84
2023-02-01,34,1113,74,6.65
2023-02-01,35,1113,64,5.75
2023-02-01,36,1113,72,6.47
2023-03-01,0,1152,1152,100.0
2023-03-01,1,1152,84,7.29
2023-03-01,2,1152,62,5.38
2023-03-01,3,1152,70,6.08
2023-03-01,4,1152,70,6.08
2023-03-01,5,1152,78,6.77
2023-03-01,6,1152,71,6.16
2023-03-01,7,1152,68,5.9
2023-03-01,8,1152,72,6.25
2023-03-01,9,1152,83,7.2
2023-03-01,10,1152,86,7.47
2023-03-01,11,1152,60,5.21
2023-03-01,12,1152,85,7.38
2023-03-01,13,1152,56,4.86
2023-03-01,14,1152,76,6.6
2023-03-01,15,1152,84,7.29
2023-03-01,16,1152,59,5.12
2023-03-01,17,1152,74,6.42
2023-03-01,18,1152,79,6.86
2023-03-01,19,1152,81,7.03
2023-03-01,20,1152,80,6.94
2023-03-01,21,1152,85,7.38
2023-03-01,22,1152,88,7.64
2023-03-01,23,1152,80,6.94
2023-03-01,24,1152,74,6.42
2023-03-01,25,1152,90,7.81
2023-03-01,26,1152,57,4.95
2023-03-01,27,1152,68,5.9
2023-03-01,28,1152,83,7.2
2023-03-01,29,1152,97,8.42
2023-03-01,30,1152,52,4.51
2023-03-01,31,1152,68,5.9
2023-03-01,32,1152,80,6.94
2023-03-01,33,1152,80,6.94
2023-03-01,34,1152,77,6.68
2023-03-01,35,1152,79,6.86
2023-04-01,0,1054,1054,100.0
2023-04-01,1,1054,78,7.4
2023-04-01,2,1054,61,5.79
2023-04-01,3,1054,51,4.84
2023-04-01,4,1054,55,5.22
2023-04-01,5,1054,57,5.41
2023-04-01,6,1054,79,7.5
2023-04-01,7,1054,67,6.36
2023-04-01,8,1054,68,6.45
2023-04-01,9,1054,60,5.69
2023-04-01,10,1054,53,5.03
2023-04-01,11,1054,80,7.59
2023-04-01,12,1054,52,4.93
2023-04-01,13,1054,70,6.64
2023-04-01,14,1054,72,6.83
2023-04-01,15,1054,84,7.97
2023-04-01,16,1054,81,7.69
2023-04-01,17,1054,83,7.87
2023-04-01,18,1054,75,7.12
2023-04-01,19,1054,58,5.5
2023-04-01,20,1054,72,6.83
2023-04-01,21,1054,79,7.5
2023-04-01,22,1054,67,6.36
2023-04-01,23,1054,66,6.26
2023-04-01,24,1054,79,7.5
2023-04-01,25,1054,80,7.59
2023-04-01,26,1054,48,4.55
2023-04-01,27,1054,80,7.59
2023-04-01,28,1054,78,7.4
2023-04-01,29,1054,83,7.87
2023-04-01,30,1054,64,6.07
2023-04-01,31,1054,63,5.98
2023-04-01,32,1054,81,7.69
2023-04-01,33,1054,56,5.31
2023-04-01,34,1054,84,7.97
2023-05-01,0,991,991,100.0
2023-05-01,1,991,67,6.76
2023-05-01,2,991,54,5.45
2023-05-01,3,991,59,5.95
2023-05-01,4,991,57,5.75
2023-05-01,5,991,65,6.56
2023-05-01,6,991,70,7.06
2023-05-01,7,991,62,6.26
2023-05-01,8,991,67,6.76
2023-05-01,9,991,57,5.75
2023-05-01,10,991,58,5.85
2023-05-01,11,991,71,7.16
2023-05-01,12,991,69,6.96
2023-05-01,13,991,60,6.05
2023-05-01,14,991,66,6.66
2023-05-01,15,991,64,6.46
2023-05-01,16,991,68,6.86
2023-05-01,17,991,53,5.35
2023-05-01,18,991,69,6.96
2023-05-01,19,991,62,6.26
2023-05-01,20,991,51,5.15
2023-05-01,21,991,45,4.54
2023-05-01,22,991,71,7.16
2023-05-01,23,991,73,7.37
2023-05-01,24,991,57,5.75
2023-05-01,25,991,52,5.25
2023-05-01,26,991,62,6.26
2023-05-01,27,991,71,7.16
2023-05-01,28,991,72,7.27
2023-05-01,29,991,62,6.26
2023-05-01,30,991,71,7.16
2023-05-01,31,991,60,6.05
2023-05-01,32,991,36,3.63
2023-05-01,33,991,51,5.15
2023-06-01,0,883,883,100.0
2023-06-01,1,883,58,6.57
2023-06-01,2,883,59,6.68
2023-06-01,3,883,46,5.21
2023-06-01,4,883,59,6.68
2023-06-01,5,883,50,5.66
2023-06-01,6,883,58,6.57
2023-06-01,7,883,46,5.21
2023-06-01,8,883,56,6.34
2023-06-01,9,883,56,6.34
2023-06-01,10,883,68,7.7
2023-06-01,11,883,44,4.98
2023-06-01,12,883,61,6.91
2023-06-01,13,883,54,6.12
2023-06-01,14,883,63,7.13
2023-06-01,15,883,61,6.91
2023-06-01,16,883,58,6.57
2023-06-01,17,883,61,6.91
2023-06-01,18,883,49,5.55
2023-06-01,19,883,71,8.04
2023-06-01,20,883,50,5.66
2023-06-01,21,883,56,6.34
2023-06-01,22,883,62,7.02
2023-06-01,23,883,74,8.38
2023-06-01,24,883,64,7.25
2023-06-01,25,883,58,6.57
2023-06-01,26,883,42,4.76
2023-06-01,27,883,53,6.0
2023-06-01,28,883,69,7.81
2023-06-01,29,883,50,5.66
2023-06-01,30,883,56,6.34
2023-06-01,31,883,63,7.13
2023-06-01,32,883,50,5.66
2023-07-01,0,860,860,100.0
2023-07-01,1,860,55,6.4
2023-07-01,2,860,56,6.51
2023-07-01,3,860,46,5.35
2023-07-01,4,860,63,7.33
2023-07-01,5,860,58,6.74
2023-07-01,6,860,63,7.33
2023-07-01,7,860,48,5.58
2023-07-01,8,860,52,6.05
2023-07-01,9,860,49,5.7
2023-07-01,10,860,53,6.16
2023-07-01,11,860,60,6.98
2023-07-01,12,860,47,5.47
2023-07-01,13,860,52,6.05
2023-07-01,14,860,42,4.88
2023-07-01,15,860,55,6.4
2023-07-01,16,860,57,6.63
2023-07-01,17,860,51,5.93
2023-07-01,18,860,58,6.74
2023-07-01,19,860,47,5.47
2023-07-01,20,860,62,7.21
2023-07-01,21,860,56,6.51
2023-07-01,22,860,65,7.56
2023-07-01,23,860,72,8.37
2023-07-01,24,860,57,6.63
2023-07-01,25,860,53,6.16
2023-07-01,26,860,60,6.98
2023-07-01,27,860,40,4.65
2023-07-01,28,860,57,6.63
2023-07-01,29,860,66,7.67
2023-07-01,30,860,49,5.7
2023-07-01,31,860,39,4.53
2023-08-01,0,814,814,100.0
2023-08-01,1,814,51,6.27
2023-08-01,2,814,54,6.63
2023-08-01,3,814,59,7.25
2023-08-01,4,814,48,5.9
2023-08-01,5,814,52,6.39
2023-08-01,6,814,43,5.28
2023-08-01,7,814,54,6.63
2023-08-01,8,814,43,5.28
2023-08-01,9,814,51,6.27
2023-08-01,10,814,54,6.63
2023-08-01,11,814,45,5.53
2023-08-01,12,814,53,6.51
2023-08-01,13,814,52,6.39
2023-08-01,14,814,57,7.0
2023-08-01,15,814,60,7.37
2023-08-01,16,814,52,6.39
2023-08-01,17,814,63,7.74
2023-08-01,18,814,47,5.77
2023-08-01,19,814,63,7.74
2023-08-01,20,814,49,6.02
2023-08-01,21,814,58,7.13
2023-08-01,22,814,47,5.77
2023-08-01,23,814,52,6.39
2023-08-01,24,814,65,7.99
2023-08-01,25,814,36,4.42
2023-08-01,26,814,55,6.76
2023-08-01,27,814,52,6.39
2023-08-01,28,814,48,5.9
2023-08-01,29,814,56,6.88
2023-08-01,30,814,49,6.02
2023-09-01,0,714,714,100.0
2023-09-01,1,714,45,6.3
2023-09-01,2,714,40,5.6
2023-09-01,3,714,52,7.28
2023-09-01,4,714,47,6.58
2023-09-01,5,714,35,4.9
2023-09-01,6,714,48,6.72
2023-09-01,7,714,37,5.18
2023-09-01,8,714,42,5.88
2023-09-01,9,714,43,6.02
2023-09-01,10,714,32,4.48
2023-09-01,11,714,47,6.58
2023-09-01,12,714,50,7.0
2023-09-01,13,714,49,6.86
2023-09-01,14,714,40,5.6
2023-09-01,15,714,46,6.44
2023-09-01,16,714,48,6.72
2023-09-01,17,714,40,5.6
2023-09-01,18,714,55,7.7
2023-09-01,19,714,49,6.86
2023-09-01,20,714,37,5.18
2023-09-01,21,714,42,5.88
2023-09-01,22,714,44,6.16
2023-09-01,23,714,44,6.16
2023-09-01,24,714,44,6.16
2023-09-01,25,714,36,5.04
2023-09-01,26,714,40,5.6
2023-09-01,27,714,52,7.28
2023-09-01,28,714,50,7.0
2023-09-01,29,714,32,4.48
2023-10-01,0,736,736,100.0
2023-10-01,1,736,45,6.11
2023-10-01,2,736,48,6.52
2023-10-01,3,736,36,4.89
2023-10-01,4,736,44,5.98
2023-10-01,5,736,49,6.66
2023-10-01,6,736,32,4.35
2023-10-01,7,736,39,5.3
2023-10-01,8,736,34,4.62
2023-10-01,9,736,39,5.3
2023-10-01,10,736,42,5.71
2023-10-01,11,736,48,6.52
2023-10-01,12,736,47,6.39
2023-10-01,13,736,34,4.62
2023-10-01,14,736,50,6.79
2023-10-01,15,736,33,4.48
2023-10-01,16,736,39,5.3
2023-10-01,17,736,43,5.84
2023-10-01,18,736,56,7.61
2023-10-01,19,736,47,6.39
2023-10-01,20,736,47,6.39
2023-10-01,21,736,44,5.98
2023-10-01,22,736,51,6.93
2023-10-01,23,736,59,8.02
2023-10-01,24,736,39,5.3
2023-10-01,25,736,53,7.2
2023-10-01,26,736,47,6.39
2023-10-01,27,736,51,6.93
2023-10-01,28,736,45,6.11
2023-11-01,0,678,678,100.0
2023-11-01,1,678,39,5.75
2023-11-01,2,678,43,6.34
2023-11-01,3,678,44,6.49
2023-11-01,4,678,36,5.31
2023-11-01,5,678,41,6.05
2023-11-01,6,678,31,4.57
2023-11-01,7,678,38,5.6
2023-11-01,8,678,40,5.9
2023-11-01,9,678,42,6.19
2023-11-01,10,678,39,5.75
2023-11-01,11,678,47,6.93
2023-11-01,12,678,52,7.67
2023-11-01,13,678,37,5.46
2023-11-01,14,678,40,5.9
2023-11-01,15,678,45,6.64
2023-11-01,16,678,42,6.19
2023-11-01,17,678,43,6.34
2023-11-01,18,678,42,6.19
2023-11-01,19,678,38,5.6
2023-11-01,20,678,33,4.87
2023-11-01,21,678,44,6.49
2023-11-01,22,678,32,4.72
2023-11-01,23,678,40,5.9
2023-11-01,24,678,45,6.64
2023-11-01,25,678,37,5.46
2023-11-01,26,678,40,5.9
2023-11-01,27,678,34,5.01
2023-12-01,0,636,636,100.0
2023-12-01,1,636,36,5.66
2023-12-01,2,636,39,6.13
2023-12-01,3,636,29,4.56
2023-12-01,4,636,29,4.56
2023-12-01,5,636,37,5.82
2023-12-01,6,636,37,5.82
2023-12-01,7,636,36,5.66
2023-12-01,8,636,31,4.87
2023-12-01,9,636,43,6.76
2023-12-01,10,636,41,6.45
2023-12-01,11,636,40,6.29
2023-12-01,12,636,34,5.35
2023-12-01,13,636,46,7.23
2023-12-01,14,636,37,5.82
2023-12-01,15,636,42,6.6
2023-12-01,16,636,26,4.09
2023-12-01,17,636,52,8.18
2023-12-01,18,636,41,6.45
2023-12-01,19,636,37,5.82
2023-12-01,20,636,38,5.97
2023-12-01,21,636,26,4.09
2023-12-01,22,636,44,6.92
2023-12-01,23,636,27,4.25
2023-12-01,24,636,36,5.66
2023-12-01,25,636,26,4.09
2023-12-01,26,636,28,4.4
2024-01-01,0,592,592,100.0
2024-01-01,1,592,27,4.56
2024-01-01,2,592,28,4.73
2024-01-01,3,592,41,6.93
2024-01-01,4,592,39,6.59
2024-01-01,5,592,35,5.91
2024-01-01,6,592,44,7.43
2024-01-01,7,592,39,6.59
2024-01-01,8,592,40,6.76
2024-01-01,9,592,23,3.89
2024-01-01,10,592,33,5.57
2024-01-01,11,592,33,5.57
2024-01-01,12,592,37,6.25
2024-01-01,13,592,33,5.57
2024-01-01,14,592,43,7.26
2024-01-01,15,592,44,7.43
2024-01-01,16,592,36,6.08
2024-01-01,17,592,48,8.11
2024-01-01,18,592,31,5.24
2024-01-01,19,592,31,5.24
2024-01-01,20,592,51,8.61
2024-01-01,21,592,32,5.41
2024-01-01,22,592,41,6.93
2024-01-01,23,592,30,5.07
2024-01-01,24,592,29,4.9
2024-01-01,25,592,29,4.9
2024-02-01,0,525,525,100.0
2024-02-01,1,525,39,7.43
2024-02-01,2,525,38,7.24
2024-02-01,3,525,32,6.1
2024-02-01,4,525,24,4.57
2024-02-01,5,525,29,5.52
2024-02-01,6,525,19,3.62
2024-02-01,7,525,23,4.38
2024-02-01,8,525,27,5.14
2024-02-01,9,525,13,2.48
2024-02-01,10,525,26,4.95
2024-02-01,11,525,25,4.76
2024-02-01,12,525,30,5.71
2024-02-01,13,525,28,5.33
2024-02-01,14,525,32,6.1
2024-02-01,15,525,39,7.43
2024-02-01,16,525,30,5.71
2024-02-01,17,525,26,4.95
2024-02-01,18,525,20,3.81
2024-02-01,19,525,23,4.38
2024-02-01,20,525,31,5.9
2024-02-01,21,525,36,6.86
2024-02-01,22,525,23,4.38
2024-02-01,23,525,34,6.48
2024-02-01,24,525,35,6.67
2024-03-01,0,489,489,100.0
2024-03-01,1,489,23,4.7
2024-03-01,2,489,21,4.29
2024-03-01,3,489,20,4.09
2024-03-01,4,489,27,5.52
2024-03-01,5,489,28,5.73
2024-03-01,6,489,28,5.73
2024-03-01,7,489,15,3.07
2024-03-01,8,489,37,7.57
2024-03-01,9,489,27,5.52
2024-03-01,10,489,27,5.52
2024-03-01,11,489,25,5.11
2024-03-01,12,489,25,5.11
2024-03-01,13,489,26,5.32
2024-03-01,14,489,33,6.75
2024-03-01,15,489,24,4.91
2024-03-01,16,489,25,5.11
2024-03-01,17,489,33,6.75
2024-03-01,18,489,26,5.32
2024-03-01,19,489,32,6.54
2024-03-01,20,489,20,4.09
2024-03-01,21,489,25,5.11
2024-03-01,22,489,25,5.11
2024-03-01,23,489,18,3.68
2024-04-01,0,504,504,100.0
2024-04-01,1,504,32,6.35
2024-04-01,2,504,25,4.96
2024-04-01,3,504,38,7.54
2024-04-01,4,504,18,3.57
2024-04-01,5,504,20,3.97
2024-04-01,6,504,25,4.96
2024-04-01,7,504,36,7.14
2024-04-01,8,504,30,5.95
2024-04-01,9,504,26,5.16
2024-04-01,10,504,24,4.76
2024-04-01,11,504,20,3.97
2024-04-01,12,504,21,4.17
2024-04-01,13,504,23,4.56
2024-04-01,14,504,26,5.16
2024-04-01,15,504,33,6.55
2024-04-01,16,504,27,5.36
2024-04-01,17,504,35,6.94
2024-04-01,18,504,30,5.95
2024-04-01,19,504,25,4.96
2024-04-01,20,504,16,3.17
2024-04-01,21,504,35,6.94
2024-04-01,22,504,25,4.96
2024-05-01,0,475,475,100.0
2024-05-01,1,475,35,7.37
2024-05-01,2,475,19,4.0
2024-05-01,3,475,23,4.84
2024-05-01,4,475,27,5.68
2024-05-01,5,475,26,5.47
2024-05-01,6,475,20,4.21
2024-05-01,7,475,21,4.42
2024-05-01,8,475,27,5.68
2024-05-01,9,475,28,5.89
2024-05-01,10,475,25,5.26
2024-05-01,11,475,22,4.63
2024-05-01,12,475,27,5.68
2024-05-01,13,475,26,5.47
2024-05-01,14,475,30,6.32
2024-05-01,15,475,26,5.47
2024-05-01,16,475,21,4.42
2024-05-01,17,475,28,5.89
2024-05-01,18,475,21,4.42
2024-05-01,19,475,28,5.89
2024-05-01,20,475,16,3.37
2024-05-01,21,475,19,4.0
2024-06-01,0,442,442,100.0
2024-06-01,1,442,28,6.33
2024-06-01,2,442,38,8.6
2024-06-01,3,442,21,4.75
2024-06-01,4,442,22,4.98
2024-06-01,5,442,27,6.11
2024-06-01,6,442,22,4.98
2024-06-01,7,442,23,5.2
2024-06-01,8,442,24,5.43
2024-06-01,9,442,29,6.56
2024-06-01,10,442,18,4.07
2024-06-01,11,442,20,4.52
2024-06-01,12,442,32,7.24
2024-06-01,13,442,35,7.92
2024-06-01,14,442,27,6.11
2024-06-01,15,442,22,4.98
2024-06-01,16,442,21,4.75
2024-06-01,17,442,19,4.3
2024-06-01,18,442,24,5.43
2024-06-01,19,442,21,4.75
2024-06-01,20,442,28,6.33
2024-07-01,0,451,451,100.0
2024-07-01,1,451,26,5.76
2024-07-01,2,451,26,5.76
2024-07-01,3,451,23,5.1
2024-07-01,4,451,30,6.65
2024-07-01,5,451,16,3.55
2024-07-01,6,451,29,6.43
2024-07-01,7,451,22,4.88
2024-07-01,8,451,30,6.65
2024-07-01,9,451,26,5.76
2024-07-01,10,451,21,4.66
2024-07-01,11,451,28,6.21
2024-07-01,12,451,23,5.1
2024-07-01,13,451,31,6.87
2024-07-01,14,451,26,5.76
2024-07-01,15,451,33,7.32
2024-07-01,16,451,31,6.87
2024-07-01,17,451,21,4.66
2024-07-01,18,451,32,7.1
2024-07-01,19,451,14,3.1
2024-08-01,0,429,429,100.0
2024-08-01,1,429,13,3.03
2024-08-01,2,429,14,3.26
2024-08-01,3,429,20,4.66
2024-08-01,4,429,15,3.5
2024-08-01,5,429,31,7.23
2024-08-01,6,429,16,3.73
2024-08-01,7,429,19,4.43
2024-08-01,8,429,30,6.99
2024-08-01,9,429,20,4.66
2024-08-01,10,429,23,5.36
2024-08-01,11,429,31,7.23
2024-08-01,12,429,22,5.13
2024-08-01,13,429,22,5.13
2024-08-01,14,429,21,4.9
2024-08-01,15,429,33,7.69
2024-08-01,16,429,21,4.9
2024-08-01,17,429,20,4.66
2024-08-01,18,429,17,3.96
2024-09-01,0,363,363,100.0
2024-09-01,1,363,17,4.68
2024-09-01,2,363,21,5.79
2024-09-01,3,363,20,5.51
2024-09-01,4,363,19,5.23
2024-09-01,5,363,18,4.96
2024-09-01,6,363,20,5.51
2024-09-01,7,363,11,3.03
2024-09-01,8,363,25,6.89
2024-09-01,9,363,22,6.06
2024-09-01,10,363,16,4.41
2024-09-01,11,363,24,6.61
2024-09-01,12,363,11,3.03
2024-09-01,13,363,20,5.51
2024-09-01,14,363,12,3.31
2024-09-01,15,363,14,3.86
2024-09-01,16,363,22,6.06
2024-09-01,17,363,18,4.96
2024-10-01,0,301,301,100.0
2024-10-01,1,301,9,2.99
2024-10-01,2,301,18,5.98
2024-10-01,3,301,15,4.98
2024-10-01,4,301,11,3.65
2024-10-01,5,301,17,5.65
2024-10-01,6,301,12,3.99
2024-10-01,7,301,20,6.64
2024-10-01,8,301,17,5.65
2024-10-01,9,301,17,5.65
2024-10-01,10,301,10,3.32
2024-10-01,11,301,14,4.65
2024-10-01,12,301,14,4.65
2024-10-01,13,301,9,2.99
2024-10-01,14,301,12,3.99
2024-10-01,15,301,14,4.65
2024-10-01,16,301,16,5.32
2024-11-01,0,370,370,100.0
2024-11-01,1,370,19,5.14
2024-11-01,2,370,17,4.59
2024-11-01,3,370,12,3.24
2024-11-01,4,370,17,4.59
2024-11-01,5,370,18,4.86
2024-11-01,6,370,16,4.32
2024-11-01,7,370,18,4.86
2024-11-01,8,370,10,2.7
2024-11-01,9,370,19,5.14
2024-11-01,10,370,14,3.78
2024-11-01,11,370,16,4.32
2024-11-01,12,370,24,6.49
2024-11-01,13,370,8,2.16
2024-11-01,14,370,18,4.86
2024-11-01,15,370,21,5.68
2024-12-01,0,334,334,100.0
2024-12-01,1,334,21,6.29
2024-12-01,2,334,21,6.29
2024-12-01,3,334,15,4.49
2024-12-01,4,334,21,6.29
2024-12-01,5,334,20,5.99
2024-12-01,6,334,21,6.29
2024-12-01,7,334,20,5.99
2024-12-01,8,334,20,5.99
2024-12-01,9,334,10,2.99
2024-12-01,10,334,23,6.89
2024-12-01,11,334,20,5.99
2024-12-01,12,334,20,5.99
2024-12-01,13,334,19,5.69
2024-12-01,14,334,16,4.79
2025-01-01,0,309,309,100.0
2025-01-01,1,309,3,0.97
2025-01-01,2,309,14,4.53
2025-01-01,3,309,12,3.88
2025-01-01,4,309,10,3.24
2025-01-01,5,309,18,5.83
2025-01-01,6,309,13,4.21
2025-01-01,7,309,12,3.88
2025-01-01,8,309,12,3.88
2025-01-01,9,309,16,5.18
2025-01-01,10,309,11,3.56
2025-01-01,11,309,16,5.18
2025-01-01,12,309,14,4.53
2025-01-01,13,309,9,2.91
2025-02-01,0,251,251,100.0
2025-02-01,1,251,11,4.38
2025-02-01,2,251,12,4.78
2025-02-01,3,251,17,6.77
2025-02-01,4,251,17,6.77
2025-02-01,5,251,11,4.38
2025-02-01,6,251,9,3.59
2025-02-01,7,251,13,5.18
2025-02-01,8,251,8,3.19
2025-02-01,9,251,9,3.59
2025-02-01,10,251,12,4.78
2025-02-01,11,251,8,3.19
2025-02-01,12,251,4,1.59
2025-03-01,0,245,245,100.0
2025-03-01,1,245,5,2.04
2025-03-01,2,245,10,4.08
2025-03-01,3,245,15,6.12
2025-03-01,4,245,12,4.9
2025-03-01,5,245,7,2.86
2025-03-01,6,245,6,2.45
2025-03-01,7,245,15,6.12
2025-03-01,8,245,15,6.12
2025-03-01,9,245,15,6.12
2025-03-01,10,245,17,6.94
2025-03-01,11,245,13,5.31
2025-04-01,0,286,286,100.0
2025-04-01,1,286,17,5.94
2025-04-01,2,286,21,7.34
2025-04-01,3,286,15,5.24
2025-04-01,4,286,22,7.69
2025-04-01,5,286,18,6.29
2025-04-01,6,286,18,6.29
2025-04-01,7,286,8,2.8
2025-04-01,8,286,14,4.9
2025-04-01,9,286,14,4.9
2025-04-01,10,286,7,2.45
2025-05-01,0,236,236,100.0
2025-05-01,1,236,6,2.54
2025-05-01,2,236,13,5.51
2025-05-01,3,236,17,7.2
2025-05-01,4,236,9,3.81
2025-05-01,5,236,8,3.39
2025-05-01,6,236,7,2.97
2025-05-01,7,236,14,5.93
2025-05-01,8,236,9,3.81
2025-05-01,9,236,9,3.81
2025-06-01,0,213,213,100.0
2025-06-01,1,213,7,3.29
2025-06-01,2,213,8,3.76
2025-06-01,3,213,11,5.16
2025-06-01,4,213,6,2.82
2025-06-01,5,213,10,4.69
2025-06-01,6,213,16,7.51
2025-06-01,7,213,6,2.82
2025-06-01,8,213,5,2.35
2025-07-01,0,232,232,100.0
2025-07-01,1,232,11,4.74
2025-07-01,2,232,10,4.31
2025-07-01,3,232,11,4.74
2025-07-01,4,232,10,4.31
2025-07-01,5,232,14,6.03
2025-07-01,6,232,9,3.88
2025-07-01,7,232,13,5.6
2025-08-01,0,229,229,100.0
2025-08-01,1,229,8,3.49
2025-08-01,2,229,5,2.18
2025-08-01,3,229,10,4.37
2025-08-01,4,229,10,4.37
2025-08-01,5,229,12,5.24
2025-08-01,6,229,12,5.24
2025-09-01,0,191,191,100.0
2025-09-01,1,191,10,5.24
2025-09-01,2,191,7,3.66
2025-09-01,3,191,16,8.38
2025-09-01,4,191,9,4.71
2025-09-01,5,191,13,6.81
2025-10-01,0,187,187,100.0
2025-10-01,1,187,2,1.07
2025-10-01,2,187,8,4.28
2025-10-01,3,187,7,3.74
2025-10-01,4,187,5,2.67
2025-11-01,0,194,194,100.0
2025-11-01,1,194,8,4.12
2025-11-01,2,194,14,7.22
2025-11-01,3,194,8,4.12
2025-12-01,0,175,175,100.0
2025-12-01,1,175,11,6.29
2025-12-01,2,175,6,3.43
2026-01-01,0,205,205,100.0
2026-01-01,1,205,8,3.9
2026-02-01,0,149,149,100.0
